open_time,open,high,low,close,volume,close_time,quote_volume,trades
2026-06-04T19:00:00+00:00,46.53,46.64,46.18,46.29,9145.89568,2026-06-04T20:00:00+00:00,424392.7888324,0
2026-06-04T20:00:00+00:00,46.29,46.3,45.97,46.07,3815.86819,2026-06-04T21:00:00+00:00,175914.0358247,0
2026-06-04T21:00:00+00:00,46.07,46.22,45.07,45.15,19131.97854,2026-06-04T22:00:00+00:00,870706.1773499,0
2026-06-04T22:00:00+00:00,45.15,45.78,45.1,45.69,21093.16161,2026-06-04T23:00:00+00:00,956981.8647466,0
2026-06-04T23:00:00+00:00,45.69,45.85,45.12,45.63,17661.70316,2026-06-05T00:00:00+00:00,803747.6233266,0
2026-06-05T00:00:00+00:00,45.63,45.85,45.38,45.42,14928.65849,2026-06-05T01:00:00+00:00,680688.063863,0
2026-06-05T01:00:00+00:00,45.42,45.78,45.05,45.67,17320.74243,2026-06-05T02:00:00+00:00,787640.102132,0
2026-06-05T02:00:00+00:00,45.67,45.71,44.83,44.9,19993.13716,2026-06-05T03:00:00+00:00,903963.7636472,0
2026-06-05T03:00:00+00:00,44.9,45.26,44.62,44.86,25543.90956,2026-06-05T04:00:00+00:00,1147726.8014711,0
2026-06-05T04:00:00+00:00,44.86,45.51,44.7,45.41,26931.03678,2026-06-05T05:00:00+00:00,1216166.1886743,0
2026-06-05T05:00:00+00:00,45.41,45.48,44.28,44.34,18141.44675,2026-06-05T06:00:00+00:00,812985.8327436,0
2026-06-05T06:00:00+00:00,44.34,44.52,42.67,43.35,96578.77908,2026-06-05T07:00:00+00:00,4205601.0949314,0
2026-06-05T07:00:00+00:00,43.35,44.24,42.67,44.19,40586.24351,2026-06-05T08:00:00+00:00,1760890.4223047,0
2026-06-05T08:00:00+00:00,44.19,44.2,43.67,43.84,19883.66161,2026-06-05T09:00:00+00:00,871908.8068333,0
2026-06-05T09:00:00+00:00,43.84,44.68,43.83,44.59,24362.14909,2026-06-05T10:00:00+00:00,1078600.619026,0
2026-06-05T10:00:00+00:00,44.59,44.68,44.18,44.27,10269.79863,2026-06-05T11:00:00+00:00,455724.3699751,0
2026-06-05T11:00:00+00:00,44.27,44.48,43.92,44.06,24462.19771,2026-06-05T12:00:00+00:00,1081162.9102616,0
2026-06-05T12:00:00+00:00,44.06,44.32,43.58,44.02,36498.04421,2026-06-05T13:00:00+00:00,1602692.4097405,0
2026-06-05T13:00:00+00:00,44.02,44.59,43.23,43.23,37454.89412,2026-06-05T14:00:00+00:00,1652513.1107326,0
2026-06-05T14:00:00+00:00,43.23,43.75,42.9,43.39,67537.8964,2026-06-05T15:00:00+00:00,2930388.6235632,0
2026-06-05T15:00:00+00:00,43.39,43.48,42.72,43.19,79320.489,2026-06-05T16:00:00+00:00,3420026.7305728,0
2026-06-05T16:00:00+00:00,43.19,44.04,42.61,43.93,70172.25216,2026-06-05T17:00:00+00:00,3039800.5628809,0
2026-06-05T17:00:00+00:00,43.93,44.2,43.46,43.7,23561.20255,2026-06-05T18:00:00+00:00,1030861.5252154,0
2026-06-05T18:00:00+00:00,43.7,43.92,42.54,42.7,33548.78751,2026-06-05T19:00:00+00:00,1449423.5453932,0
2026-06-05T19:00:00+00:00,42.7,43.27,41.98,43.03,40252.36664,2026-06-05T20:00:00+00:00,1714329.8770541,0
2026-06-05T20:00:00+00:00,43.03,43.79,42.54,43.61,25722.37713,2026-06-05T21:00:00+00:00,1112193.8673197,0
2026-06-05T21:00:00+00:00,43.61,44.02,43.59,43.91,8643.16809,2026-06-05T22:00:00+00:00,378763.6348958,0
2026-06-05T22:00:00+00:00,43.91,43.93,43.26,43.58,17830.35779,2026-06-05T23:00:00+00:00,777071.8521892,0
2026-06-05T23:00:00+00:00,43.58,43.79,42.7,43.31,14577.03628,2026-06-06T00:00:00+00:00,630667.8020279,0
2026-06-06T00:00:00+00:00,43.31,43.98,43.31,43.86,13009.36164,2026-06-06T01:00:00+00:00,568779.7241395,0
2026-06-06T01:00:00+00:00,43.86,44.02,43.48,43.5,7630.94153,2026-06-06T02:00:00+00:00,333652.5770586,0
2026-06-06T02:00:00+00:00,43.5,43.58,43.19,43.23,10610.7452,2026-06-06T03:00:00+00:00,460305.2832039,0
2026-06-06T03:00:00+00:00,43.23,43.24,42.63,42.67,15156.77169,2026-06-06T04:00:00+00:00,650859.5915746,0
2026-06-06T04:00:00+00:00,42.67,42.85,40.78,40.98,66982.27154,2026-06-06T05:00:00+00:00,2773314.1812661,0
2026-06-06T05:00:00+00:00,40.98,42.13,40.52,42.08,52471.87511,2026-06-06T06:00:00+00:00,2174114.7198789,0
2026-06-06T06:00:00+00:00,42.08,42.68,42.06,42.3,23585.75484,2026-06-06T07:00:00+00:00,999387.4040247,0
2026-06-06T07:00:00+00:00,42.3,42.95,42.21,42.83,21116.00913,2026-06-06T08:00:00+00:00,899979.280789,0
2026-06-06T08:00:00+00:00,42.83,43.45,42.56,43.24,21282.92211,2026-06-06T09:00:00+00:00,917814.3847416,0
2026-06-06T09:00:00+00:00,43.24,43.53,42.88,43.03,10055.84825,2026-06-06T10:00:00+00:00,435000.3557851,0
2026-06-06T10:00:00+00:00,43.03,43.04,42.14,42.62,21568.78814,2026-06-06T11:00:00+00:00,916677.367538,0
2026-06-06T11:00:00+00:00,42.62,42.94,42.52,42.79,8954.8422,2026-06-06T12:00:00+00:00,382622.7904735,0
2026-06-06T12:00:00+00:00,42.79,43.04,42.55,42.89,12849.15667,2026-06-06T13:00:00+00:00,549722.2002837,0
2026-06-06T13:00:00+00:00,42.89,42.97,42.62,42.74,7190.09609,2026-06-06T14:00:00+00:00,307864.4044296,0
2026-06-06T14:00:00+00:00,42.74,42.95,42.49,42.51,8046.5165,2026-06-06T15:00:00+00:00,343938.0871125,0
2026-06-06T15:00:00+00:00,42.51,42.61,41.98,42.35,12835.51677,2026-06-06T16:00:00+00:00,542667.6507896,0
2026-06-06T16:00:00+00:00,42.35,42.54,41.88,41.94,17488.00186,2026-06-06T17:00:00+00:00,736889.7387886,0
2026-06-06T17:00:00+00:00,41.94,42.19,41.78,42.09,14296.04372,2026-06-06T18:00:00+00:00,599896.2826961,0
2026-06-06T18:00:00+00:00,42.09,42.33,41.99,42.23,7417.24802,2026-06-06T19:00:00+00:00,312822.9273841,0
2026-06-06T19:00:00+00:00,42.23,42.36,40.95,41.16,33391.72827,2026-06-06T20:00:00+00:00,1381500.4923445,0
2026-06-06T20:00:00+00:00,41.16,41.23,40.8,41.18,13513.9939,2026-06-06T21:00:00+00:00,554839.4748583,0
2026-06-06T21:00:00+00:00,41.18,41.89,41.18,41.63,9573.56773,2026-06-06T22:00:00+00:00,397818.6239078,0
2026-06-06T22:00:00+00:00,41.63,41.66,40.87,41.03,7262.1132,2026-06-06T23:00:00+00:00,298873.7062376,0
2026-06-06T23:00:00+00:00,41.03,41.45,41.01,41.4,3587.5062,2026-06-07T00:00:00+00:00,147894.8201262,0
2026-06-07T00:00:00+00:00,41.4,41.52,41.17,41.28,6031.39913,2026-06-07T01:00:00+00:00,249572.9416787,0
2026-06-07T01:00:00+00:00,41.28,42.22,41.23,42.07,12582.98717,2026-06-07T02:00:00+00:00,527692.8417955,0
2026-06-07T02:00:00+00:00,42.07,42.1,41.48,41.78,14477.5032,2026-06-07T03:00:00+00:00,603924.1562217,0
2026-06-07T03:00:00+00:00,41.78,42.1,41.73,41.94,7959.43007,2026-06-07T04:00:00+00:00,333616.6089874,0
2026-06-07T04:00:00+00:00,41.94,41.97,41.26,41.73,6843.07812,2026-06-07T05:00:00+00:00,284724.8663093,0
2026-06-07T05:00:00+00:00,41.73,41.9,41.55,41.62,14987.02113,2026-06-07T06:00:00+00:00,625107.2059451,0
2026-06-07T06:00:00+00:00,41.62,42.24,41.45,41.96,14375.7153,2026-06-07T07:00:00+00:00,603701.8057608,0
2026-06-07T07:00:00+00:00,41.96,42.04,41.79,41.96,9461.03182,2026-06-07T08:00:00+00:00,396586.1132513,0
2026-06-07T08:00:00+00:00,41.96,42.53,41.66,42.5,16208.05205,2026-06-07T09:00:00+00:00,682528.0674516,0
2026-06-07T09:00:00+00:00,42.5,42.72,42.22,42.32,20314.10137,2026-06-07T10:00:00+00:00,863635.0531192,0
2026-06-07T10:00:00+00:00,42.32,42.55,42.06,42.21,9106.35831,2026-06-07T11:00:00+00:00,385600.2759146,0
2026-06-07T11:00:00+00:00,42.21,42.48,42.19,42.36,3325.06618,2026-06-07T12:00:00+00:00,140773.3223816,0
2026-06-07T12:00:00+00:00,42.36,42.38,41.53,41.87,16896.01978,2026-06-07T13:00:00+00:00,706618.5226891,0
2026-06-07T13:00:00+00:00,41.87,42.19,41.76,42.08,7647.09886,2026-06-07T14:00:00+00:00,320931.3134999,0
2026-06-07T14:00:00+00:00,42.08,42.47,41.98,42.27,10967.34464,2026-06-07T15:00:00+00:00,462964.0038177,0
2026-06-07T15:00:00+00:00,42.27,42.38,41.98,42.09,6825.12074,2026-06-07T16:00:00+00:00,288020.5308881,0
2026-06-07T16:00:00+00:00,42.09,42.15,41.69,41.87,9397.83826,2026-06-07T17:00:00+00:00,394403.0143549,0
2026-06-07T17:00:00+00:00,41.87,42.18,41.82,42.04,7174.64982,2026-06-07T18:00:00+00:00,301226.3168983,0
2026-06-07T18:00:00+00:00,42.04,42.13,41.87,41.89,5032.91275,2026-06-07T19:00:00+00:00,211373.425311,0
2026-06-07T19:00:00+00:00,41.89,41.9,41.1,41.36,15739.10943,2026-06-07T20:00:00+00:00,650908.044915,0
2026-06-07T20:00:00+00:00,41.36,41.74,41.28,41.62,5403.52327,2026-06-07T21:00:00+00:00,224537.6527871,0
2026-06-07T21:00:00+00:00,41.62,41.64,41.26,41.57,6498.44466,2026-06-07T22:00:00+00:00,269354.9995414,0
2026-06-07T22:00:00+00:00,41.57,43.43,41.51,42.76,42423.49886,2026-06-07T23:00:00+00:00,1816516.5420555,0
2026-06-07T23:00:00+00:00,42.76,43.13,42.66,42.84,6880.55245,2026-06-08T00:00:00+00:00,294929.3376011,0
2026-06-08T00:00:00+00:00,42.84,43.16,42.7,43.02,6991.64238,2026-06-08T01:00:00+00:00,300035.9827993,0
2026-06-08T01:00:00+00:00,43.02,43.05,42.04,42.38,21426.28284,2026-06-08T02:00:00+00:00,907239.4593253,0
2026-06-08T02:00:00+00:00,42.38,42.59,42.29,42.41,12800.61778,2026-06-08T03:00:00+00:00,543034.6733769,0
2026-06-08T03:00:00+00:00,42.41,42.76,42.33,42.52,15227.78295,2026-06-08T04:00:00+00:00,648126.4278884,0
2026-06-08T04:00:00+00:00,42.52,42.58,42.11,42.15,11121.32131,2026-06-08T05:00:00+00:00,470634.156471,0
2026-06-08T05:00:00+00:00,42.15,42.37,42.1,42.36,11188.76194,2026-06-08T06:00:00+00:00,472518.5922889,0
2026-06-08T06:00:00+00:00,42.36,42.76,42.36,42.57,8824.31456,2026-06-08T07:00:00+00:00,375759.2001235,0
2026-06-08T07:00:00+00:00,42.57,42.94,42.47,42.84,11244.17404,2026-06-08T08:00:00+00:00,480665.7680056,0
2026-06-08T08:00:00+00:00,42.84,42.85,42.45,42.55,11197.24069,2026-06-08T09:00:00+00:00,477297.0773285,0
2026-06-08T09:00:00+00:00,42.55,43.07,42.51,43.03,23869.5298,2026-06-08T10:00:00+00:00,1022723.235592,0
2026-06-08T10:00:00+00:00,43.03,43.14,42.84,42.9,12117.95443,2026-06-08T11:00:00+00:00,520660.322646,0
2026-06-08T11:00:00+00:00,42.9,43.32,42.71,43.14,11203.07879,2026-06-08T12:00:00+00:00,482874.3450417,0
2026-06-08T12:00:00+00:00,43.14,43.41,42.78,43.35,24943.90434,2026-06-08T13:00:00+00:00,1074478.8607467,0
2026-06-08T13:00:00+00:00,43.35,43.44,42.91,42.96,24021.13773,2026-06-08T14:00:00+00:00,1036605.8609409,0
2026-06-08T14:00:00+00:00,42.96,43.31,42.87,43.26,25649.84483,2026-06-08T15:00:00+00:00,1105073.6343298,0
2026-06-08T15:00:00+00:00,43.26,43.53,43.08,43.14,12496.04797,2026-06-08T16:00:00+00:00,541067.2139184,0
2026-06-08T16:00:00+00:00,43.14,43.37,43.01,43.03,9959.90772,2026-06-08T17:00:00+00:00,430012.4706691,0
2026-06-08T17:00:00+00:00,43.03,43.35,42.88,43.34,9134.91459,2026-06-08T18:00:00+00:00,394065.9786313,0
2026-06-08T18:00:00+00:00,43.34,43.46,43.27,43.34,5233.82345,2026-06-08T19:00:00+00:00,226961.774163,0
2026-06-08T19:00:00+00:00,43.34,43.58,43.28,43.39,13537.09669,2026-06-08T20:00:00+00:00,588032.6918976,0
2026-06-08T20:00:00+00:00,43.39,43.44,43.1,43.35,10948.03394,2026-06-08T21:00:00+00:00,473493.7794531,0
2026-06-08T21:00:00+00:00,43.35,43.83,43.35,43.57,12794.79023,2026-06-08T22:00:00+00:00,558488.1113806,0
2026-06-08T22:00:00+00:00,43.57,43.59,43.28,43.39,6081.44238,2026-06-08T23:00:00+00:00,264099.1954187,0
2026-06-08T23:00:00+00:00,43.39,43.47,42.99,43.03,11811.86798,2026-06-09T00:00:00+00:00,510279.4927402,0
2026-06-09T00:00:00+00:00,43.03,43.19,42.2,42.32,35372.0908,2026-06-09T01:00:00+00:00,1508368.9924275,0
2026-06-09T01:00:00+00:00,42.32,42.57,42.28,42.51,16039.18575,2026-06-09T02:00:00+00:00,680481.2292165,0
2026-06-09T02:00:00+00:00,42.51,42.64,42.3,42.62,3920.0755,2026-06-09T03:00:00+00:00,166574.4854926,0
2026-06-09T03:00:00+00:00,42.62,42.67,42.42,42.52,4195.03368,2026-06-09T04:00:00+00:00,178392.2028708,0
2026-06-09T04:00:00+00:00,42.52,43.05,42.45,42.84,14983.40316,2026-06-09T05:00:00+00:00,642221.7524629,0
2026-06-09T05:00:00+00:00,42.84,43.08,42.73,42.92,3709.86151,2026-06-09T06:00:00+00:00,159172.8447017,0
2026-06-09T06:00:00+00:00,42.92,43.06,42.85,42.93,3294.50097,2026-06-09T07:00:00+00:00,141537.0700254,0
2026-06-09T07:00:00+00:00,42.93,43.04,42.69,42.88,17937.51888,2026-06-09T08:00:00+00:00,768852.0938953,0
2026-06-09T08:00:00+00:00,42.88,42.89,42.61,42.72,4855.78429,2026-06-09T09:00:00+00:00,207556.137925,0
2026-06-09T09:00:00+00:00,42.72,42.81,42.4,42.46,7867.34863,2026-06-09T10:00:00+00:00,334655.1982914,0
2026-06-09T10:00:00+00:00,42.46,42.57,42.33,42.46,8621.24836,2026-06-09T11:00:00+00:00,366004.7124063,0
2026-06-09T11:00:00+00:00,42.46,42.53,42.25,42.49,4410.96635,2026-06-09T12:00:00+00:00,186933.0767896,0
2026-06-09T12:00:00+00:00,42.49,42.77,42.48,42.7,10140.69797,2026-06-09T13:00:00+00:00,432146.4215162,0
2026-06-09T13:00:00+00:00,42.7,42.82,42.42,42.64,10107.42391,2026-06-09T14:00:00+00:00,430637.461108,0
2026-06-09T14:00:00+00:00,42.64,42.81,42.06,42.39,26022.04746,2026-06-09T15:00:00+00:00,1102953.5585864,0
2026-06-09T15:00:00+00:00,42.39,42.6,41.97,41.98,11815.11581,2026-06-09T16:00:00+00:00,500094.8435967,0
2026-06-09T16:00:00+00:00,41.98,42.39,41.82,42.3,11955.91462,2026-06-09T17:00:00+00:00,503243.3578974,0
2026-06-09T17:00:00+00:00,42.3,42.96,42.29,42.76,5149.00446,2026-06-09T18:00:00+00:00,219844.7731921,0
2026-06-09T18:00:00+00:00,42.76,43.25,42.72,43.11,2800.53222,2026-06-09T19:00:00+00:00,120435.8580528,0
2026-06-09T19:00:00+00:00,43.11,43.51,43.05,43.41,6795.63906,2026-06-09T20:00:00+00:00,294482.6637581,0
2026-06-09T20:00:00+00:00,43.41,43.51,43.29,43.46,5201.32878,2026-06-09T21:00:00+00:00,225727.1313087,0
2026-06-09T21:00:00+00:00,43.46,43.53,43.2,43.26,2366.37326,2026-06-09T22:00:00+00:00,102545.7030361,0
2026-06-09T22:00:00+00:00,43.26,43.28,42.99,42.99,8057.29891,2026-06-09T23:00:00+00:00,347400.7653507,0
2026-06-09T23:00:00+00:00,42.99,43.11,42.89,43.03,2903.27426,2026-06-10T00:00:00+00:00,124845.1761855,0
2026-06-10T00:00:00+00:00,43.03,43.23,42.83,43.2,8994.85686,2026-06-10T01:00:00+00:00,387435.1278636,0
2026-06-10T01:00:00+00:00,43.2,43.24,42.88,42.88,7283.20475,2026-06-10T02:00:00+00:00,313713.8380269,0
2026-06-10T02:00:00+00:00,42.88,42.98,42.43,42.58,6167.56189,2026-06-10T03:00:00+00:00,263379.3281894,0
2026-06-10T03:00:00+00:00,42.58,42.74,42.49,42.67,7324.27989,2026-06-10T04:00:00+00:00,312266.3064521,0
2026-06-10T04:00:00+00:00,42.67,42.78,42.34,42.37,5845.71838,2026-06-10T05:00:00+00:00,248687.5278721,0
2026-06-10T05:00:00+00:00,42.37,42.55,42.28,42.49,4441.25078,2026-06-10T06:00:00+00:00,188281.4657955,0
2026-06-10T06:00:00+00:00,42.49,42.56,42.28,42.41,2769.98537,2026-06-10T07:00:00+00:00,117560.8615091,0
2026-06-10T07:00:00+00:00,42.41,42.72,42.37,42.57,5828.35969,2026-06-10T08:00:00+00:00,247896.2969138,0
2026-06-10T08:00:00+00:00,42.57,42.58,42.23,42.33,5490.7625,2026-06-10T09:00:00+00:00,232834.9549989,0
2026-06-10T09:00:00+00:00,42.33,42.45,42.05,42.3,25947.91248,2026-06-10T10:00:00+00:00,1095930.6388322,0
2026-06-10T10:00:00+00:00,42.3,42.34,42.06,42.22,8711.56761,2026-06-10T11:00:00+00:00,367855.3038113,0
2026-06-10T11:00:00+00:00,42.22,42.24,41.88,42.1,11732.39454,2026-06-10T12:00:00+00:00,493644.1221207,0
2026-06-10T12:00:00+00:00,42.1,42.81,41.98,42.56,27726.24617,2026-06-10T13:00:00+00:00,1178276.4295424,0
2026-06-10T13:00:00+00:00,42.56,43.1,42.5,42.77,22748.2365,2026-06-10T14:00:00+00:00,973414.3108377,0
2026-06-10T14:00:00+00:00,42.77,42.91,42.39,42.57,24703.20626,2026-06-10T15:00:00+00:00,1052750.1396855,0
2026-06-10T15:00:00+00:00,42.57,43.01,42.35,42.84,16168.77721,2026-06-10T16:00:00+00:00,690695.1102503,0
2026-06-10T16:00:00+00:00,42.84,42.87,42.3,42.42,10565.76752,2026-06-10T17:00:00+00:00,450415.3498879,0
2026-06-10T17:00:00+00:00,42.42,42.52,41.78,41.96,12953.67191,2026-06-10T18:00:00+00:00,545850.4982703,0
2026-06-10T18:00:00+00:00,41.96,42.05,41.7,41.96,11431.71851,2026-06-10T19:00:00+00:00,478559.9184855,0
2026-06-10T19:00:00+00:00,41.96,41.99,41.53,41.61,13489.54502,2026-06-10T20:00:00+00:00,562725.0798244,0
2026-06-10T20:00:00+00:00,41.61,41.83,41.47,41.67,12663.95324,2026-06-10T21:00:00+00:00,528052.8039511,0
2026-06-10T21:00:00+00:00,41.67,41.69,41.22,41.4,5667.73669,2026-06-10T22:00:00+00:00,234998.8297731,0
2026-06-10T22:00:00+00:00,41.4,41.75,41.3,41.52,18450.29492,2026-06-10T23:00:00+00:00,766038.6391967,0
2026-06-10T23:00:00+00:00,41.52,41.79,41.37,41.74,11983.76611,2026-06-11T00:00:00+00:00,498795.2348691,0
2026-06-11T00:00:00+00:00,41.74,42.02,41.72,41.88,3999.10567,2026-06-11T01:00:00+00:00,167605.9867624,0
2026-06-11T01:00:00+00:00,41.88,42.38,41.88,42.3,4878.87277,2026-06-11T02:00:00+00:00,205667.6714034,0
2026-06-11T02:00:00+00:00,42.3,42.35,42.06,42.25,2855.71668,2026-06-11T03:00:00+00:00,120525.8523594,0
2026-06-11T03:00:00+00:00,42.25,43.0,42.14,42.79,15492.16673,2026-06-11T04:00:00+00:00,661626.3863266,0
2026-06-11T04:00:00+00:00,42.79,42.87,42.65,42.78,4644.93095,2026-06-11T05:00:00+00:00,198602.0433388,0
2026-06-11T05:00:00+00:00,42.78,42.78,42.59,42.59,2022.03532,2026-06-11T06:00:00+00:00,86292.3000032,0
2026-06-11T06:00:00+00:00,42.59,42.78,42.5,42.55,2553.29252,2026-06-11T07:00:00+00:00,108861.6073169,0
2026-06-11T07:00:00+00:00,42.55,42.65,42.47,42.54,2668.80882,2026-06-11T08:00:00+00:00,113513.5183727,0
2026-06-11T08:00:00+00:00,42.54,42.82,42.54,42.68,2321.62,2026-06-11T09:00:00+00:00,99195.7517621,0
2026-06-11T09:00:00+00:00,42.68,42.69,42.46,42.53,6769.74917,2026-06-11T10:00:00+00:00,287882.2150106,0
2026-06-11T10:00:00+00:00,42.53,42.69,42.45,42.63,4334.80911,2026-06-11T11:00:00+00:00,184558.6479447,0
2026-06-11T11:00:00+00:00,42.63,42.77,42.5,42.66,4605.47495,2026-06-11T12:00:00+00:00,196209.261696,0
2026-06-11T12:00:00+00:00,42.66,42.66,42.29,42.55,9075.50624,2026-06-11T13:00:00+00:00,385574.9278692,0
2026-06-11T13:00:00+00:00,42.55,42.72,42.36,42.55,3824.00077,2026-06-11T14:00:00+00:00,162615.1340322,0
2026-06-11T14:00:00+00:00,42.55,42.64,42.31,42.37,5787.25209,2026-06-11T15:00:00+00:00,246078.55056,0
2026-06-11T15:00:00+00:00,42.37,42.46,41.93,42.11,9874.07136,2026-06-11T16:00:00+00:00,416437.861636,0
2026-06-11T16:00:00+00:00,42.11,42.34,42.02,42.14,4344.80264,2026-06-11T17:00:00+00:00,183146.9352058,0
2026-06-11T17:00:00+00:00,42.14,42.93,41.99,42.81,14015.54136,2026-06-11T18:00:00+00:00,595910.5771516,0
2026-06-11T18:00:00+00:00,42.81,42.89,42.52,42.66,3235.37619,2026-06-11T19:00:00+00:00,138077.3549219,0
2026-06-11T19:00:00+00:00,42.66,42.84,42.5,42.63,7983.73903,2026-06-11T20:00:00+00:00,340554.9869993,0
2026-06-11T20:00:00+00:00,42.63,42.66,42.37,42.44,2826.79348,2026-06-11T21:00:00+00:00,120198.3123962,0
2026-06-11T21:00:00+00:00,42.44,42.73,42.42,42.59,2602.07187,2026-06-11T22:00:00+00:00,110935.5858484,0
2026-06-11T22:00:00+00:00,42.59,42.8,42.56,42.66,1886.32922,2026-06-11T23:00:00+00:00,80486.1033365,0
2026-06-11T23:00:00+00:00,42.66,42.74,42.46,42.47,2810.09191,2026-06-12T00:00:00+00:00,119701.0230471,0
2026-06-12T00:00:00+00:00,42.47,42.73,42.45,42.51,5126.4675,2026-06-12T01:00:00+00:00,218387.6097115,0
2026-06-12T01:00:00+00:00,42.51,42.61,42.41,42.57,2957.54777,2026-06-12T02:00:00+00:00,125698.8751376,0
2026-06-12T02:00:00+00:00,42.57,42.79,42.53,42.56,4309.65575,2026-06-12T03:00:00+00:00,183914.0440258,0
2026-06-12T03:00:00+00:00,42.56,42.7,42.42,42.67,10226.10411,2026-06-12T04:00:00+00:00,435081.7806062,0
2026-06-12T04:00:00+00:00,42.67,42.79,42.6,42.72,3222.53905,2026-06-12T05:00:00+00:00,137607.8069724,0
2026-06-12T05:00:00+00:00,42.72,42.75,42.51,42.58,3889.04354,2026-06-12T06:00:00+00:00,165809.1233831,0
2026-06-12T06:00:00+00:00,42.58,42.65,42.18,42.32,5222.90004,2026-06-12T07:00:00+00:00,221504.1192361,0
2026-06-12T07:00:00+00:00,42.32,42.67,42.32,42.59,7445.28983,2026-06-12T08:00:00+00:00,316423.2964607,0
2026-06-12T08:00:00+00:00,42.59,42.85,42.59,42.83,3872.23013,2026-06-12T09:00:00+00:00,165490.476145,0
2026-06-12T09:00:00+00:00,42.83,43.22,42.79,43.12,9883.69515,2026-06-12T10:00:00+00:00,425406.6081357,0
2026-06-12T10:00:00+00:00,43.12,43.21,42.88,42.98,7852.08951,2026-06-12T11:00:00+00:00,337965.7128405,0
2026-06-12T11:00:00+00:00,42.98,43.16,42.95,43.03,7066.80082,2026-06-12T12:00:00+00:00,304150.9448672,0
2026-06-12T12:00:00+00:00,43.03,43.09,42.82,43.08,9202.17161,2026-06-12T13:00:00+00:00,395162.6902664,0
2026-06-12T13:00:00+00:00,43.08,43.1,42.7,42.83,17922.11106,2026-06-12T14:00:00+00:00,768738.6175181,0
2026-06-12T14:00:00+00:00,42.83,43.5,42.77,43.41,24862.56006,2026-06-12T15:00:00+00:00,1073228.5868192,0
2026-06-12T15:00:00+00:00,43.41,43.54,42.79,42.84,21530.73977,2026-06-12T16:00:00+00:00,931714.2349537,0
2026-06-12T16:00:00+00:00,42.84,43.24,42.7,43.24,19885.92775,2026-06-12T17:00:00+00:00,855331.4019887,0
2026-06-12T17:00:00+00:00,43.24,43.26,42.98,43.03,9967.49584,2026-06-12T18:00:00+00:00,429767.4173957,0
2026-06-12T18:00:00+00:00,43.03,43.11,42.84,42.92,7565.07863,2026-06-12T19:00:00+00:00,325146.9022164,0
2026-06-12T19:00:00+00:00,42.92,43.24,42.91,42.98,13926.61732,2026-06-12T20:00:00+00:00,599915.4273668,0
2026-06-12T20:00:00+00:00,42.98,43.06,42.87,42.92,11990.62313,2026-06-12T21:00:00+00:00,515042.3489681,0
2026-06-12T21:00:00+00:00,42.92,43.12,42.86,42.95,8689.26828,2026-06-12T22:00:00+00:00,373548.351605,0
2026-06-12T22:00:00+00:00,42.95,43.06,42.88,42.98,4361.56792,2026-06-12T23:00:00+00:00,187470.6387089,0
2026-06-12T23:00:00+00:00,42.98,43.14,42.89,43.09,4129.4801,2026-06-13T00:00:00+00:00,177644.0066169,0
2026-06-13T00:00:00+00:00,43.09,43.39,42.97,43.31,6663.36043,2026-06-13T01:00:00+00:00,287514.7782183,0
2026-06-13T01:00:00+00:00,43.31,43.58,43.31,43.47,9257.19155,2026-06-13T02:00:00+00:00,402263.1359764,0
2026-06-13T02:00:00+00:00,43.47,43.5,43.21,43.27,4687.20176,2026-06-13T03:00:00+00:00,203128.9030947,0
2026-06-13T03:00:00+00:00,43.27,43.42,43.17,43.38,3465.52102,2026-06-13T04:00:00+00:00,150035.6221422,0
2026-06-13T04:00:00+00:00,43.38,43.43,43.22,43.25,3194.72268,2026-06-13T05:00:00+00:00,138475.974239,0
2026-06-13T05:00:00+00:00,43.25,43.31,43.07,43.18,4678.68981,2026-06-13T06:00:00+00:00,201989.3267234,0
2026-06-13T06:00:00+00:00,43.18,43.39,43.14,43.35,3941.99648,2026-06-13T07:00:00+00:00,170685.6241519,0
2026-06-13T07:00:00+00:00,43.35,43.57,43.23,43.5,7504.21934,2026-06-13T08:00:00+00:00,325993.0800335,0
2026-06-13T08:00:00+00:00,43.5,43.89,43.43,43.65,9610.24407,2026-06-13T09:00:00+00:00,419788.9923003,0
2026-06-13T09:00:00+00:00,43.65,43.78,43.57,43.59,4952.40849,2026-06-13T10:00:00+00:00,216338.3117297,0
2026-06-13T10:00:00+00:00,43.59,43.78,43.58,43.77,2856.31051,2026-06-13T11:00:00+00:00,124813.6873272,0
2026-06-13T11:00:00+00:00,43.77,43.94,43.76,43.79,2066.84055,2026-06-13T12:00:00+00:00,90653.2056003,0
2026-06-13T12:00:00+00:00,43.79,44.01,43.75,43.96,5148.14312,2026-06-13T13:00:00+00:00,225936.0557456,0
2026-06-13T13:00:00+00:00,43.96,44.05,43.85,43.92,5822.5456,2026-06-13T14:00:00+00:00,256006.7732872,0
2026-06-13T14:00:00+00:00,43.92,43.97,43.81,43.91,3265.46664,2026-06-13T15:00:00+00:00,143322.7850993,0
2026-06-13T15:00:00+00:00,43.91,44.14,43.88,44.06,6211.76343,2026-06-13T16:00:00+00:00,273288.26353,0
2026-06-13T16:00:00+00:00,44.06,44.07,43.7,43.83,8224.07636,2026-06-13T17:00:00+00:00,360363.8319706,0
2026-06-13T17:00:00+00:00,43.83,43.89,43.55,43.63,4586.45098,2026-06-13T18:00:00+00:00,200591.1310043,0
2026-06-13T18:00:00+00:00,43.63,43.79,43.61,43.7,3773.30503,2026-06-13T19:00:00+00:00,164849.449378,0
2026-06-13T19:00:00+00:00,43.7,43.87,43.66,43.81,4572.94857,2026-06-13T20:00:00+00:00,200139.4379803,0
2026-06-13T20:00:00+00:00,43.81,43.97,43.72,43.89,6399.36671,2026-06-13T21:00:00+00:00,280685.8098435,0
2026-06-13T21:00:00+00:00,43.89,44.4,43.89,44.25,12442.5839,2026-06-13T22:00:00+00:00,549856.8262904,0
2026-06-13T22:00:00+00:00,44.25,44.36,44.14,44.34,7765.04969,2026-06-13T23:00:00+00:00,343735.4027433,0
2026-06-13T23:00:00+00:00,44.34,44.4,44.26,44.35,3797.04885,2026-06-14T00:00:00+00:00,168312.3909895,0
2026-06-14T00:00:00+00:00,44.35,44.57,44.28,44.42,7427.49054,2026-06-14T01:00:00+00:00,329971.2544736,0
2026-06-14T01:00:00+00:00,44.42,44.68,44.35,44.42,5637.25735,2026-06-14T02:00:00+00:00,250968.0314687,0
2026-06-14T02:00:00+00:00,44.42,44.52,44.28,44.37,4508.84699,2026-06-14T03:00:00+00:00,200144.7503621,0
2026-06-14T03:00:00+00:00,44.37,44.53,44.28,44.46,5097.52026,2026-06-14T04:00:00+00:00,226242.694568,0
2026-06-14T04:00:00+00:00,44.46,44.51,44.1,44.16,4463.39429,2026-06-14T05:00:00+00:00,197686.6657887,0
2026-06-14T05:00:00+00:00,44.16,44.21,43.99,44.15,2471.92227,2026-06-14T06:00:00+00:00,109066.3716163,0
2026-06-14T06:00:00+00:00,44.15,44.31,44.1,44.14,4324.95011,2026-06-14T07:00:00+00:00,191259.1133233,0
2026-06-14T07:00:00+00:00,44.14,44.14,43.9,44.06,3847.85481,2026-06-14T08:00:00+00:00,169312.0701165,0
2026-06-14T08:00:00+00:00,44.06,44.21,44.01,44.16,3839.23243,2026-06-14T09:00:00+00:00,169417.7514529,0
2026-06-14T09:00:00+00:00,44.16,44.33,44.02,44.25,5822.24521,2026-06-14T10:00:00+00:00,257143.5361937,0
2026-06-14T10:00:00+00:00,44.25,44.34,44.07,44.07,5398.15744,2026-06-14T11:00:00+00:00,238786.3691411,0
2026-06-14T11:00:00+00:00,44.07,44.18,43.99,44.08,3378.12946,2026-06-14T12:00:00+00:00,148879.0390989,0
2026-06-14T12:00:00+00:00,44.08,44.12,43.9,43.99,4274.0836,2026-06-14T13:00:00+00:00,188157.6856141,0
2026-06-14T13:00:00+00:00,43.99,44.03,43.83,43.98,4428.48147,2026-06-14T14:00:00+00:00,194599.4076245,0
2026-06-14T14:00:00+00:00,43.98,44.08,43.73,43.96,5770.75233,2026-06-14T15:00:00+00:00,253300.392092,0
2026-06-14T15:00:00+00:00,43.96,44.1,43.95,44.04,2775.21766,2026-06-14T16:00:00+00:00,122128.2326367,0
2026-06-14T16:00:00+00:00,44.04,44.27,44.03,44.07,3617.73622,2026-06-14T17:00:00+00:00,159709.1256914,0
2026-06-14T17:00:00+00:00,44.07,44.22,43.88,43.96,3314.72957,2026-06-14T18:00:00+00:00,146054.5096609,0
2026-06-14T18:00:00+00:00,43.96,44.09,43.94,44.08,5736.08872,2026-06-14T19:00:00+00:00,252447.5720545,0
2026-06-14T19:00:00+00:00,44.08,44.25,44.05,44.21,3232.16478,2026-06-14T20:00:00+00:00,142741.5624704,0
2026-06-14T20:00:00+00:00,44.21,44.49,44.16,44.45,4598.92556,2026-06-14T21:00:00+00:00,204084.0342395,0
2026-06-14T21:00:00+00:00,44.45,45.02,44.36,44.86,14026.3299,2026-06-14T22:00:00+00:00,628377.0906234,0
2026-06-14T22:00:00+00:00,44.86,45.2,44.76,45.13,13973.69862,2026-06-14T23:00:00+00:00,628288.6581339,0
2026-06-14T23:00:00+00:00,45.13,45.44,45.09,45.4,7697.65391,2026-06-15T00:00:00+00:00,348447.1068561,0
2026-06-15T00:00:00+00:00,45.4,45.48,45.09,45.24,9055.65448,2026-06-15T01:00:00+00:00,410304.4003798,0
2026-06-15T01:00:00+00:00,45.24,45.35,45.02,45.12,7070.22179,2026-06-15T02:00:00+00:00,319380.4380645,0
2026-06-15T02:00:00+00:00,45.12,45.42,45.06,45.28,4484.35693,2026-06-15T03:00:00+00:00,203007.6913449,0
2026-06-15T03:00:00+00:00,45.28,45.4,45.22,45.32,2771.96401,2026-06-15T04:00:00+00:00,125572.7378342,0
2026-06-15T04:00:00+00:00,45.32,45.32,45.11,45.11,2569.96855,2026-06-15T05:00:00+00:00,116181.3167635,0
2026-06-15T05:00:00+00:00,45.11,45.56,45.07,45.54,3543.08573,2026-06-15T06:00:00+00:00,160774.8440719,0
2026-06-15T06:00:00+00:00,45.54,45.56,45.25,45.3,8765.1889,2026-06-15T07:00:00+00:00,397705.9467806,0
2026-06-15T07:00:00+00:00,45.3,45.3,45.06,45.08,17546.45873,2026-06-15T08:00:00+00:00,793148.3177615,0
2026-06-15T08:00:00+00:00,45.08,45.26,45.05,45.16,4313.78835,2026-06-15T09:00:00+00:00,194891.9009249,0
2026-06-15T09:00:00+00:00,45.16,45.21,44.77,44.94,8613.46896,2026-06-15T10:00:00+00:00,387198.1285637,0
2026-06-15T10:00:00+00:00,44.94,46.16,44.87,45.67,32826.10583,2026-06-15T11:00:00+00:00,1495775.4183977,0
2026-06-15T11:00:00+00:00,45.67,46.04,45.46,45.79,13716.44846,2026-06-15T12:00:00+00:00,627601.8544578,0
2026-06-15T12:00:00+00:00,45.79,45.99,45.61,45.88,13139.98409,2026-06-15T13:00:00+00:00,601544.0793998,0
2026-06-15T13:00:00+00:00,45.88,46.3,45.83,46.12,9349.79223,2026-06-15T14:00:00+00:00,431256.9144694,0
2026-06-15T14:00:00+00:00,46.12,46.12,45.72,45.82,14262.0523,2026-06-15T15:00:00+00:00,655104.0997925,0
2026-06-15T15:00:00+00:00,45.82,46.14,45.37,46.09,11240.49389,2026-06-15T16:00:00+00:00,513301.7623639,0
2026-06-15T16:00:00+00:00,46.09,46.26,45.98,46.13,7755.22366,2026-06-15T17:00:00+00:00,357561.3914061,0
2026-06-15T17:00:00+00:00,46.13,46.13,45.74,45.99,7242.65764,2026-06-15T18:00:00+00:00,332767.9441142,0
2026-06-15T18:00:00+00:00,45.99,46.0,45.72,45.78,8952.42263,2026-06-15T19:00:00+00:00,410481.175858,0
2026-06-15T19:00:00+00:00,45.78,45.87,45.42,45.64,8743.14264,2026-06-15T20:00:00+00:00,398905.0105555,0
2026-06-15T20:00:00+00:00,45.64,45.79,45.56,45.65,5633.2606,2026-06-15T21:00:00+00:00,257270.3592863,0
2026-06-15T21:00:00+00:00,45.65,45.84,45.63,45.76,2301.40854,2026-06-15T22:00:00+00:00,105288.4404733,0
2026-06-15T22:00:00+00:00,45.76,45.83,45.46,45.67,2574.74614,2026-06-15T23:00:00+00:00,117522.7401459,0
2026-06-15T23:00:00+00:00,45.67,45.87,45.61,45.76,3952.93857,2026-06-16T00:00:00+00:00,180897.1962198,0
2026-06-16T00:00:00+00:00,45.76,45.89,45.62,45.66,3245.70139,2026-06-16T01:00:00+00:00,148488.4432048,0
2026-06-16T01:00:00+00:00,45.66,46.0,45.64,45.82,5212.06655,2026-06-16T02:00:00+00:00,238970.6964244,0
2026-06-16T02:00:00+00:00,45.82,45.9,45.31,45.52,7739.90583,2026-06-16T03:00:00+00:00,352433.8990951,0
2026-06-16T03:00:00+00:00,45.52,45.92,45.47,45.86,3262.7855,2026-06-16T04:00:00+00:00,149164.1393907,0
2026-06-16T04:00:00+00:00,45.86,45.87,45.39,45.48,11632.55504,2026-06-16T05:00:00+00:00,530853.8346022,0
2026-06-16T05:00:00+00:00,45.48,45.65,45.48,45.53,9409.16356,2026-06-16T06:00:00+00:00,428537.6592465,0
2026-06-16T06:00:00+00:00,45.53,45.68,45.44,45.67,8533.5397,2026-06-16T07:00:00+00:00,388769.8745978,0
2026-06-16T07:00:00+00:00,45.67,45.83,45.51,45.79,3690.7429,2026-06-16T08:00:00+00:00,168646.7097997,0
2026-06-16T08:00:00+00:00,45.79,46.32,45.77,46.27,7156.67586,2026-06-16T09:00:00+00:00,329982.9029776,0
2026-06-16T09:00:00+00:00,46.27,46.35,45.55,45.58,11230.2121,2026-06-16T10:00:00+00:00,515967.1860035,0
2026-06-16T10:00:00+00:00,45.58,45.71,45.51,45.54,3900.70102,2026-06-16T11:00:00+00:00,177950.4612374,0
2026-06-16T11:00:00+00:00,45.54,45.65,45.37,45.54,3462.04187,2026-06-16T12:00:00+00:00,157419.9425111,0
2026-06-16T12:00:00+00:00,45.54,45.74,45.46,45.59,5194.45019,2026-06-16T13:00:00+00:00,236986.1258062,0
2026-06-16T13:00:00+00:00,45.59,45.63,45.09,45.11,3877.08673,2026-06-16T14:00:00+00:00,175483.8759217,0
2026-06-16T14:00:00+00:00,45.11,45.23,44.5,44.79,10679.31165,2026-06-16T15:00:00+00:00,478537.8252108,0
2026-06-16T15:00:00+00:00,44.79,45.03,44.72,44.92,3768.58578,2026-06-16T16:00:00+00:00,169014.3681017,0
2026-06-16T16:00:00+00:00,44.92,45.11,44.88,44.98,3511.9382,2026-06-16T17:00:00+00:00,158015.4506325,0
2026-06-16T17:00:00+00:00,44.98,45.53,44.98,45.46,3009.61226,2026-06-16T18:00:00+00:00,136192.5847916,0
2026-06-16T18:00:00+00:00,45.46,45.8,45.44,45.67,3909.48662,2026-06-16T19:00:00+00:00,178432.1909625,0
2026-06-16T19:00:00+00:00,45.67,45.67,45.26,45.48,4726.23733,2026-06-16T20:00:00+00:00,214709.2907703,0
2026-06-16T20:00:00+00:00,45.48,45.76,45.39,45.71,2514.76396,2026-06-16T21:00:00+00:00,114706.3454927,0
2026-06-16T21:00:00+00:00,45.71,45.89,45.67,45.81,3351.50234,2026-06-16T22:00:00+00:00,153503.6823379,0
2026-06-16T22:00:00+00:00,45.81,46.07,45.74,45.9,2746.22541,2026-06-16T23:00:00+00:00,126015.711173,0
2026-06-16T23:00:00+00:00,45.9,45.98,45.63,45.71,1871.1196,2026-06-17T00:00:00+00:00,85662.1022869,0
2026-06-17T00:00:00+00:00,45.71,45.97,45.67,45.69,1619.83248,2026-06-17T01:00:00+00:00,74176.1682448,0
2026-06-17T01:00:00+00:00,45.69,45.85,45.42,45.79,3800.51285,2026-06-17T02:00:00+00:00,173361.7456085,0
2026-06-17T02:00:00+00:00,45.79,45.98,45.66,45.75,1387.7038,2026-06-17T03:00:00+00:00,63537.2360781,0
2026-06-17T03:00:00+00:00,45.75,45.77,45.55,45.69,885.34025,2026-06-17T04:00:00+00:00,40422.1815667,0
2026-06-17T04:00:00+00:00,45.69,45.91,45.58,45.72,2756.98368,2026-06-17T05:00:00+00:00,126235.3586405,0
2026-06-17T05:00:00+00:00,45.72,45.79,45.56,45.64,2157.50156,2026-06-17T06:00:00+00:00,98530.6422787,0
2026-06-17T06:00:00+00:00,45.64,45.78,45.45,45.58,1497.30344,2026-06-17T07:00:00+00:00,68282.8029128,0
2026-06-17T07:00:00+00:00,45.58,45.76,45.43,45.55,3031.15708,2026-06-17T08:00:00+00:00,138075.5037974,0
2026-06-17T08:00:00+00:00,45.55,45.61,45.28,45.38,3416.04637,2026-06-17T09:00:00+00:00,155275.4755624,0
2026-06-17T09:00:00+00:00,45.38,45.45,45.22,45.37,2738.63731,2026-06-17T10:00:00+00:00,124204.9694535,0
2026-06-17T10:00:00+00:00,45.37,45.39,45.14,45.14,1159.78327,2026-06-17T11:00:00+00:00,52509.6448158,0
2026-06-17T11:00:00+00:00,45.14,45.19,44.91,45.08,1920.54184,2026-06-17T12:00:00+00:00,86497.6235295,0
2026-06-17T12:00:00+00:00,45.08,45.35,44.91,45.35,3837.00699,2026-06-17T13:00:00+00:00,172982.9313169,0
2026-06-17T13:00:00+00:00,45.35,45.47,45.05,45.27,4379.65675,2026-06-17T14:00:00+00:00,198353.9717609,0
2026-06-17T14:00:00+00:00,45.27,45.43,44.9,45.15,4300.76398,2026-06-17T15:00:00+00:00,194305.626,0
2026-06-17T15:00:00+00:00,45.15,45.73,45.12,45.69,3802.3887,2026-06-17T16:00:00+00:00,172982.9521485,0
2026-06-17T16:00:00+00:00,45.69,45.93,45.56,45.57,4171.75908,2026-06-17T17:00:00+00:00,190785.7300906,0
2026-06-17T17:00:00+00:00,45.57,45.82,45.43,45.82,2851.3606,2026-06-17T18:00:00+00:00,130100.677494,0
2026-06-17T18:00:00+00:00,45.82,45.82,44.94,45.59,15201.76256,2026-06-17T19:00:00+00:00,690967.6421437,0
2026-06-17T19:00:00+00:00,45.59,45.68,44.59,44.77,11490.03093,2026-06-17T20:00:00+00:00,516844.239297,0
2026-06-17T20:00:00+00:00,44.77,45.09,44.71,45.07,3088.44909,2026-06-17T21:00:00+00:00,138702.6516156,0
2026-06-17T21:00:00+00:00,45.07,45.07,44.71,44.77,1755.57428,2026-06-17T22:00:00+00:00,78772.1308179,0
2026-06-17T22:00:00+00:00,44.77,44.94,44.4,44.83,3105.2024,2026-06-17T23:00:00+00:00,138920.2707087,0
2026-06-17T23:00:00+00:00,44.83,45.06,44.7,44.93,2971.66819,2026-06-18T00:00:00+00:00,133267.9302777,0
2026-06-18T00:00:00+00:00,44.93,44.95,44.77,44.8,2365.83556,2026-06-18T01:00:00+00:00,106164.6106112,0
2026-06-18T01:00:00+00:00,44.8,45.03,44.79,44.94,1229.48462,2026-06-18T02:00:00+00:00,55252.8177223,0
2026-06-18T02:00:00+00:00,44.94,45.05,44.86,44.89,1398.17904,2026-06-18T03:00:00+00:00,62869.0892455,0
2026-06-18T03:00:00+00:00,44.89,44.9,44.44,44.5,1643.67088,2026-06-18T04:00:00+00:00,73348.7938076,0
2026-06-18T04:00:00+00:00,44.5,44.52,44.17,44.27,1745.93757,2026-06-18T05:00:00+00:00,77371.1197992,0
2026-06-18T05:00:00+00:00,44.27,44.33,44.1,44.33,2410.66468,2026-06-18T06:00:00+00:00,106602.6274971,0
2026-06-18T06:00:00+00:00,44.33,44.47,44.21,44.42,1926.48398,2026-06-18T07:00:00+00:00,85441.7463345,0
2026-06-18T07:00:00+00:00,44.42,44.61,44.31,44.52,1756.41772,2026-06-18T08:00:00+00:00,78166.0736358,0
2026-06-18T08:00:00+00:00,44.52,44.6,44.45,44.47,1795.29788,2026-06-18T09:00:00+00:00,79918.6065953,0
2026-06-18T09:00:00+00:00,44.47,44.51,44.26,44.31,3171.01886,2026-06-18T10:00:00+00:00,140647.7050768,0
2026-06-18T10:00:00+00:00,44.31,44.31,44.11,44.17,1561.88451,2026-06-18T11:00:00+00:00,68981.8435041,0
2026-06-18T11:00:00+00:00,44.17,44.23,43.91,44.03,5133.90107,2026-06-18T12:00:00+00:00,225936.8241879,0
2026-06-18T12:00:00+00:00,44.03,44.18,43.98,44.12,1615.92494,2026-06-18T13:00:00+00:00,71224.502626,0
2026-06-18T13:00:00+00:00,44.12,44.25,43.86,44.05,6086.98338,2026-06-18T14:00:00+00:00,267866.4818913,0
2026-06-18T14:00:00+00:00,44.05,44.29,43.9,44.01,5768.23145,2026-06-18T15:00:00+00:00,254109.4162121,0
2026-06-18T15:00:00+00:00,44.01,44.01,43.01,43.11,16996.07729,2026-06-18T16:00:00+00:00,738028.8455329,0
2026-06-18T16:00:00+00:00,43.11,43.4,43.08,43.38,2357.12791,2026-06-18T17:00:00+00:00,101927.1258119,0
2026-06-18T17:00:00+00:00,43.38,43.38,43.05,43.26,4856.02556,2026-06-18T18:00:00+00:00,209909.5131685,0
2026-06-18T18:00:00+00:00,43.26,43.44,43.2,43.29,2003.1922,2026-06-18T19:00:00+00:00,86766.6320445,0
2026-06-18T19:00:00+00:00,43.29,43.58,43.17,43.52,2596.18715,2026-06-18T20:00:00+00:00,112661.0415379,0
2026-06-18T20:00:00+00:00,43.52,43.74,43.52,43.7,1608.6854,2026-06-18T21:00:00+00:00,70250.0280557,0
2026-06-18T21:00:00+00:00,43.7,43.75,43.58,43.75,1234.54365,2026-06-18T22:00:00+00:00,53916.4986758,0
2026-06-18T22:00:00+00:00,43.75,43.85,43.65,43.84,800.59807,2026-06-18T23:00:00+00:00,35019.1339815,0
2026-06-18T23:00:00+00:00,43.84,43.89,43.71,43.86,1242.48904,2026-06-19T00:00:00+00:00,54408.3413886,0
2026-06-19T00:00:00+00:00,43.86,43.94,43.8,43.84,817.61769,2026-06-19T01:00:00+00:00,35867.4381867,0
2026-06-19T01:00:00+00:00,43.84,43.99,43.76,43.98,747.05998,2026-06-19T02:00:00+00:00,32768.8898372,0
2026-06-19T02:00:00+00:00,43.98,44.03,43.81,43.86,1187.61642,2026-06-19T03:00:00+00:00,52155.0274021,0
2026-06-19T03:00:00+00:00,43.86,43.92,43.41,43.58,4437.74713,2026-06-19T04:00:00+00:00,193515.1301916,0
2026-06-19T04:00:00+00:00,43.58,43.68,43.19,43.29,2615.35664,2026-06-19T05:00:00+00:00,113537.5670312,0
2026-06-19T05:00:00+00:00,43.29,43.56,43.27,43.5,1409.11662,2026-06-19T06:00:00+00:00,61231.962739,0
2026-06-19T06:00:00+00:00,43.5,43.57,43.43,43.56,1361.04415,2026-06-19T07:00:00+00:00,59211.1616877,0
2026-06-19T07:00:00+00:00,43.56,43.58,43.29,43.46,4804.36902,2026-06-19T08:00:00+00:00,208780.4672085,0
2026-06-19T08:00:00+00:00,43.46,43.56,43.36,43.49,1857.10424,2026-06-19T09:00:00+00:00,80718.7853005,0
2026-06-19T09:00:00+00:00,43.49,43.52,43.25,43.42,2285.77427,2026-06-19T10:00:00+00:00,99283.6555737,0
2026-06-19T10:00:00+00:00,43.42,43.52,43.33,43.46,3008.75363,2026-06-19T11:00:00+00:00,130620.3106079,0
2026-06-19T11:00:00+00:00,43.46,43.61,43.37,43.49,2178.68252,2026-06-19T12:00:00+00:00,94758.8833223,0
2026-06-19T12:00:00+00:00,43.49,43.75,43.35,43.75,3709.53458,2026-06-19T13:00:00+00:00,161398.2317534,0
2026-06-19T13:00:00+00:00,43.75,44.09,43.63,44.03,3507.34114,2026-06-19T14:00:00+00:00,153801.929961,0
2026-06-19T14:00:00+00:00,44.03,44.24,43.93,44.11,2948.6484,2026-06-19T15:00:00+00:00,130029.5715769,0
2026-06-19T15:00:00+00:00,44.11,44.47,44.07,44.46,3816.76041,2026-06-19T16:00:00+00:00,169058.594323,0
2026-06-19T16:00:00+00:00,44.46,44.6,44.25,44.31,4430.14522,2026-06-19T17:00:00+00:00,196889.983103,0
2026-06-19T17:00:00+00:00,44.31,44.44,44.12,44.14,5591.32788,2026-06-19T18:00:00+00:00,247419.9310184,0
2026-06-19T18:00:00+00:00,44.14,44.21,44.01,44.19,2023.91412,2026-06-19T19:00:00+00:00,89293.6788241,0
2026-06-19T19:00:00+00:00,44.19,44.22,43.87,43.94,2818.20395,2026-06-19T20:00:00+00:00,123978.7837224,0
2026-06-19T20:00:00+00:00,43.94,44.1,43.86,44.1,2750.14726,2026-06-19T21:00:00+00:00,120919.5449816,0
2026-06-19T21:00:00+00:00,44.1,44.15,43.77,43.81,2524.44181,2026-06-19T22:00:00+00:00,111037.6959124,0
2026-06-19T22:00:00+00:00,43.81,43.9,43.75,43.83,2117.86037,2026-06-19T23:00:00+00:00,92805.5990044,0
2026-06-19T23:00:00+00:00,43.83,44.17,43.78,44.06,2182.505,2026-06-20T00:00:00+00:00,95912.7708532,0
2026-06-20T00:00:00+00:00,44.06,44.16,43.92,43.94,1280.06783,2026-06-20T01:00:00+00:00,56367.3122747,0
2026-06-20T01:00:00+00:00,43.94,44.05,43.88,43.96,1626.28379,2026-06-20T02:00:00+00:00,71518.2881177,0
2026-06-20T02:00:00+00:00,43.96,43.97,43.82,43.89,1240.24241,2026-06-20T03:00:00+00:00,54448.4201008,0
2026-06-20T03:00:00+00:00,43.89,43.99,43.86,43.92,1097.0877,2026-06-20T04:00:00+00:00,48211.1449231,0
2026-06-20T04:00:00+00:00,43.92,44.05,43.86,44.0,1244.66581,2026-06-20T05:00:00+00:00,54702.3535497,0
2026-06-20T05:00:00+00:00,44.0,44.32,44.0,44.2,2507.60789,2026-06-20T06:00:00+00:00,110805.5137417,0
2026-06-20T06:00:00+00:00,44.2,44.39,44.19,44.38,1392.85913,2026-06-20T07:00:00+00:00,61679.8635022,0
2026-06-20T07:00:00+00:00,44.38,44.39,44.12,44.16,1507.37452,2026-06-20T08:00:00+00:00,66629.0089868,0
2026-06-20T08:00:00+00:00,44.16,44.16,44.05,44.13,1166.40317,2026-06-20T09:00:00+00:00,51445.8317974,0
2026-06-20T09:00:00+00:00,44.13,44.32,44.13,44.3,1328.32494,2026-06-20T10:00:00+00:00,58710.9509268,0
2026-06-20T10:00:00+00:00,44.3,44.33,44.17,44.29,1648.76298,2026-06-20T11:00:00+00:00,72972.9398195,0
2026-06-20T11:00:00+00:00,44.29,44.34,44.15,44.26,2711.46687,2026-06-20T12:00:00+00:00,119941.3113544,0
2026-06-20T12:00:00+00:00,44.26,44.34,44.21,44.3,1637.65888,2026-06-20T13:00:00+00:00,72531.5406429,0
2026-06-20T13:00:00+00:00,44.3,44.3,44.01,44.12,1801.11505,2026-06-20T14:00:00+00:00,79499.2471749,0
2026-06-20T14:00:00+00:00,44.12,44.37,43.79,44.17,2590.53328,2026-06-20T15:00:00+00:00,114119.3041499,0
2026-06-20T15:00:00+00:00,44.17,44.44,44.13,44.33,2968.57591,2026-06-20T16:00:00+00:00,131485.6563082,0
2026-06-20T16:00:00+00:00,44.33,44.4,44.15,44.32,1866.25298,2026-06-20T17:00:00+00:00,82645.6700501,0
2026-06-20T17:00:00+00:00,44.32,44.33,43.92,44.02,1866.37927,2026-06-20T18:00:00+00:00,82256.2648801,0
2026-06-20T18:00:00+00:00,44.02,44.21,44.02,44.12,980.56228,2026-06-20T19:00:00+00:00,43279.4885899,0
2026-06-20T19:00:00+00:00,44.12,44.28,44.09,44.14,1845.72243,2026-06-20T20:00:00+00:00,81540.3686911,0
2026-06-20T20:00:00+00:00,44.14,44.19,44.06,44.19,2313.75059,2026-06-20T21:00:00+00:00,102152.9333561,0
2026-06-20T21:00:00+00:00,44.19,44.4,44.17,44.38,2627.28708,2026-06-20T22:00:00+00:00,116467.66112,0
2026-06-20T22:00:00+00:00,44.38,44.66,44.3,44.53,2199.69794,2026-06-20T23:00:00+00:00,97944.387143,0
2026-06-20T23:00:00+00:00,44.53,44.63,44.45,44.55,2198.83775,2026-06-21T00:00:00+00:00,97960.7081556,0
2026-06-21T00:00:00+00:00,44.55,44.6,44.48,44.58,726.24981,2026-06-21T01:00:00+00:00,32352.6405086,0
2026-06-21T01:00:00+00:00,44.58,44.62,44.45,44.61,855.05666,2026-06-21T02:00:00+00:00,38091.0462393,0
2026-06-21T02:00:00+00:00,44.61,44.61,44.49,44.56,1347.1293,2026-06-21T03:00:00+00:00,59980.7221114,0
2026-06-21T03:00:00+00:00,44.56,44.63,44.5,44.54,1364.96196,2026-06-21T04:00:00+00:00,60821.8498299,0
2026-06-21T04:00:00+00:00,44.54,44.8,44.49,44.51,1772.15767,2026-06-21T05:00:00+00:00,79183.3768926,0
2026-06-21T05:00:00+00:00,44.51,44.53,44.43,44.49,1245.179,2026-06-21T06:00:00+00:00,55378.0637864,0
2026-06-21T06:00:00+00:00,44.49,44.85,44.49,44.76,2271.75451,2026-06-21T07:00:00+00:00,101461.8597581,0
2026-06-21T07:00:00+00:00,44.76,44.92,44.68,44.83,1522.91715,2026-06-21T08:00:00+00:00,68256.9309696,0
2026-06-21T08:00:00+00:00,44.83,44.91,44.68,44.83,2428.83365,2026-06-21T09:00:00+00:00,108845.8194452,0
2026-06-21T09:00:00+00:00,44.83,44.99,44.77,44.99,1700.99381,2026-06-21T10:00:00+00:00,76313.3231838,0
2026-06-21T10:00:00+00:00,44.99,45.37,44.96,45.1,5655.71,2026-06-21T11:00:00+00:00,255237.5113128,0
2026-06-21T11:00:00+00:00,45.1,45.17,44.91,45.02,1988.20028,2026-06-21T12:00:00+00:00,89537.4418037,0
2026-06-21T12:00:00+00:00,45.02,45.17,44.9,45.12,2499.8745,2026-06-21T13:00:00+00:00,112554.9544274,0
2026-06-21T13:00:00+00:00,45.12,45.2,44.98,45.14,1108.88431,2026-06-21T14:00:00+00:00,50022.4004715,0
2026-06-21T14:00:00+00:00,45.14,45.38,45.09,45.38,1492.7713,2026-06-21T15:00:00+00:00,67497.0331977,0
2026-06-21T15:00:00+00:00,45.38,46.08,45.33,45.95,9462.65868,2026-06-21T16:00:00+00:00,434610.1628149,0
2026-06-21T16:00:00+00:00,45.95,45.95,45.27,45.38,5536.4816,2026-06-21T17:00:00+00:00,252332.065293,0
2026-06-21T17:00:00+00:00,45.38,45.49,45.15,45.19,3732.98052,2026-06-21T18:00:00+00:00,169081.7225292,0
2026-06-21T18:00:00+00:00,45.19,45.22,45.02,45.14,4393.66438,2026-06-21T19:00:00+00:00,198208.247406,0
2026-06-21T19:00:00+00:00,45.14,45.43,45.11,45.28,6106.93636,2026-06-21T20:00:00+00:00,276393.2040808,0
2026-06-21T20:00:00+00:00,45.28,45.3,44.96,45.06,2243.38883,2026-06-21T21:00:00+00:00,101235.8382974,0
2026-06-21T21:00:00+00:00,45.06,45.07,44.64,44.95,3337.68272,2026-06-21T22:00:00+00:00,149680.5698626,0
2026-06-21T22:00:00+00:00,44.95,45.0,44.66,44.8,1623.71392,2026-06-21T23:00:00+00:00,72751.3545647,0
2026-06-21T23:00:00+00:00,44.8,44.8,44.4,44.48,2104.31806,2026-06-22T00:00:00+00:00,93706.9139118,0
2026-06-22T00:00:00+00:00,44.48,44.97,44.48,44.93,2769.22848,2026-06-22T01:00:00+00:00,123840.0607919,0
2026-06-22T01:00:00+00:00,44.93,45.6,44.84,45.23,3814.13565,2026-06-22T02:00:00+00:00,172870.0355802,0
2026-06-22T02:00:00+00:00,45.23,45.23,45.03,45.05,1408.24329,2026-06-22T03:00:00+00:00,63512.7579125,0
2026-06-22T03:00:00+00:00,45.05,45.08,44.85,44.94,2369.51839,2026-06-22T04:00:00+00:00,106564.7885213,0
2026-06-22T04:00:00+00:00,44.94,45.05,44.9,44.96,1305.14479,2026-06-22T05:00:00+00:00,58707.1247226,0
2026-06-22T05:00:00+00:00,44.96,45.13,44.92,44.98,5268.51561,2026-06-22T06:00:00+00:00,236909.2725805,0
2026-06-22T06:00:00+00:00,44.98,45.02,44.83,44.87,1076.2494,2026-06-22T07:00:00+00:00,48350.5438684,0
2026-06-22T07:00:00+00:00,44.87,45.15,44.84,44.99,1829.3454,2026-06-22T08:00:00+00:00,82396.6609374,0
2026-06-22T08:00:00+00:00,44.99,45.08,44.84,44.87,10901.95255,2026-06-22T09:00:00+00:00,489503.4401598,0
2026-06-22T09:00:00+00:00,44.87,44.94,44.68,44.84,12734.18374,2026-06-22T10:00:00+00:00,570060.0567115,0
2026-06-22T10:00:00+00:00,44.84,44.91,44.73,44.79,1564.62637,2026-06-22T11:00:00+00:00,70115.3359351,0
2026-06-22T11:00:00+00:00,44.79,45.3,44.77,45.26,3765.91352,2026-06-22T12:00:00+00:00,169799.7821008,0
2026-06-22T12:00:00+00:00,45.26,45.6,45.2,45.53,2820.97163,2026-06-22T13:00:00+00:00,128078.9944946,0
2026-06-22T13:00:00+00:00,45.53,45.84,45.39,45.7,5279.13928,2026-06-22T14:00:00+00:00,240755.6996424,0
2026-06-22T14:00:00+00:00,45.7,45.73,45.08,45.21,3671.08017,2026-06-22T15:00:00+00:00,166430.3343613,0
2026-06-22T15:00:00+00:00,45.21,45.47,45.1,45.15,4152.65153,2026-06-22T16:00:00+00:00,188108.6627853,0
2026-06-22T16:00:00+00:00,45.15,45.16,44.92,45.09,2808.87038,2026-06-22T17:00:00+00:00,126521.8800926,0
2026-06-22T17:00:00+00:00,45.09,45.11,44.78,44.94,2260.09629,2026-06-22T18:00:00+00:00,101497.8847823,0
2026-06-22T18:00:00+00:00,44.94,45.03,44.68,44.72,1712.62457,2026-06-22T19:00:00+00:00,76851.9373299,0
2026-06-22T19:00:00+00:00,44.72,44.74,44.49,44.64,7193.47287,2026-06-22T20:00:00+00:00,320752.1449279,0
2026-06-22T20:00:00+00:00,44.64,44.76,44.52,44.57,3616.12614,2026-06-22T21:00:00+00:00,161501.4614949,0
2026-06-22T21:00:00+00:00,44.57,44.7,44.47,44.69,2697.66373,2026-06-22T22:00:00+00:00,120266.4426396,0
2026-06-22T22:00:00+00:00,44.69,44.73,44.3,44.54,6982.42794,2026-06-22T23:00:00+00:00,310439.7216635,0
2026-06-22T23:00:00+00:00,44.54,44.7,44.47,44.56,1406.22577,2026-06-23T00:00:00+00:00,62678.6537185,0
2026-06-23T00:00:00+00:00,44.56,44.62,44.39,44.59,895.08935,2026-06-23T01:00:00+00:00,39849.0635707,0
2026-06-23T01:00:00+00:00,44.59,44.69,44.36,44.58,936.18765,2026-06-23T02:00:00+00:00,41710.2121192,0
2026-06-23T02:00:00+00:00,44.58,44.65,44.43,44.61,1206.7283,2026-06-23T03:00:00+00:00,53785.8876982,0
2026-06-23T03:00:00+00:00,44.61,44.62,44.47,44.61,1094.97411,2026-06-23T04:00:00+00:00,48750.9452438,0
2026-06-23T04:00:00+00:00,44.61,44.64,44.4,44.42,482.84996,2026-06-23T05:00:00+00:00,21500.7087526,0
2026-06-23T05:00:00+00:00,44.42,44.5,44.2,44.35,11430.62451,2026-06-23T06:00:00+00:00,505570.8550795,0
2026-06-23T06:00:00+00:00,44.35,44.37,43.76,43.94,5971.59282,2026-06-23T07:00:00+00:00,262532.8493398,0
2026-06-23T07:00:00+00:00,43.94,44.09,43.8,43.8,2233.09693,2026-06-23T08:00:00+00:00,98185.7443335,0
2026-06-23T08:00:00+00:00,43.8,43.83,43.11,43.33,6916.12322,2026-06-23T09:00:00+00:00,300385.1389512,0
2026-06-23T09:00:00+00:00,43.33,43.55,43.32,43.37,2595.93849,2026-06-23T10:00:00+00:00,112735.1362546,0
2026-06-23T10:00:00+00:00,43.37,43.53,43.34,43.39,1824.0156,2026-06-23T11:00:00+00:00,79197.0195317,0
2026-06-23T11:00:00+00:00,43.39,43.67,43.38,43.49,3900.21108,2026-06-23T12:00:00+00:00,169704.1579638,0
2026-06-23T12:00:00+00:00,43.49,43.51,43.2,43.24,2939.07968,2026-06-23T13:00:00+00:00,127421.844279,0
2026-06-23T13:00:00+00:00,43.24,43.53,43.15,43.37,4384.22878,2026-06-23T14:00:00+00:00,189955.9064505,0
2026-06-23T14:00:00+00:00,43.37,43.43,42.56,42.61,4969.43724,2026-06-23T15:00:00+00:00,214130.7247022,0
2026-06-23T15:00:00+00:00,42.61,42.61,41.83,41.94,8064.93882,2026-06-23T16:00:00+00:00,340598.4365049,0
2026-06-23T16:00:00+00:00,41.94,42.23,41.88,42.07,5635.57615,2026-06-23T17:00:00+00:00,237043.6164888,0
2026-06-23T17:00:00+00:00,42.07,42.25,41.88,42.09,3442.1873,2026-06-23T18:00:00+00:00,144721.9190555,0
2026-06-23T18:00:00+00:00,42.09,42.16,41.81,42.0,4760.2967,2026-06-23T19:00:00+00:00,199963.1833649,0
2026-06-23T19:00:00+00:00,42.0,42.09,41.84,41.92,4313.38054,2026-06-23T20:00:00+00:00,180933.8983701,0
2026-06-23T20:00:00+00:00,41.92,42.07,41.85,41.9,6227.57914,2026-06-23T21:00:00+00:00,261615.2086804,0
2026-06-23T21:00:00+00:00,41.9,42.03,41.86,42.0,1531.36989,2026-06-23T22:00:00+00:00,64226.5330216,0
2026-06-23T22:00:00+00:00,42.0,42.12,41.94,42.04,2474.37938,2026-06-23T23:00:00+00:00,103969.9792237,0
2026-06-23T23:00:00+00:00,42.04,42.24,41.95,42.19,959.84642,2026-06-24T00:00:00+00:00,40403.106811,0
2026-06-24T00:00:00+00:00,42.19,42.33,42.18,42.28,2266.5741,2026-06-24T01:00:00+00:00,95828.6404351,0
2026-06-24T01:00:00+00:00,42.28,42.35,42.16,42.23,7971.00694,2026-06-24T02:00:00+00:00,336818.2631496,0
2026-06-24T02:00:00+00:00,42.23,42.26,41.94,41.98,1307.46627,2026-06-24T03:00:00+00:00,54982.0639028,0
2026-06-24T03:00:00+00:00,41.98,42.04,41.67,41.76,13160.41689,2026-06-24T04:00:00+00:00,550201.0727833,0
2026-06-24T04:00:00+00:00,41.76,41.81,41.48,41.79,4014.71691,2026-06-24T05:00:00+00:00,167249.8820038,0
2026-06-24T05:00:00+00:00,41.79,42.11,41.78,42.06,2185.93943,2026-06-24T06:00:00+00:00,91815.2568783,0
2026-06-24T06:00:00+00:00,42.06,42.17,41.96,42.15,2093.04092,2026-06-24T07:00:00+00:00,88047.6765001,0
2026-06-24T07:00:00+00:00,42.15,42.18,42.0,42.07,2733.19776,2026-06-24T08:00:00+00:00,115000.6775138,0
2026-06-24T08:00:00+00:00,42.07,42.21,41.97,42.17,2347.44764,2026-06-24T09:00:00+00:00,98801.3278552,0
2026-06-24T09:00:00+00:00,42.17,42.17,42.05,42.11,2124.78267,2026-06-24T10:00:00+00:00,89483.7436995,0
2026-06-24T10:00:00+00:00,42.11,42.11,41.87,41.89,3071.92677,2026-06-24T11:00:00+00:00,128928.813605,0
2026-06-24T11:00:00+00:00,41.89,42.42,41.79,42.23,4909.41554,2026-06-24T12:00:00+00:00,206591.7706127,0
2026-06-24T12:00:00+00:00,42.23,42.28,42.14,42.18,3316.87853,2026-06-24T13:00:00+00:00,140045.3581926,0
2026-06-24T13:00:00+00:00,42.18,42.18,41.37,41.62,10666.03549,2026-06-24T14:00:00+00:00,444344.1832739,0
2026-06-24T14:00:00+00:00,41.62,41.82,41.47,41.7,7346.83621,2026-06-24T15:00:00+00:00,305815.785812,0
2026-06-24T15:00:00+00:00,41.7,41.7,40.7,40.72,8680.65845,2026-06-24T16:00:00+00:00,356559.5597744,0
2026-06-24T16:00:00+00:00,40.72,41.07,40.1,40.29,21541.09292,2026-06-24T17:00:00+00:00,872992.2119653,0
2026-06-24T17:00:00+00:00,40.29,40.62,39.31,39.46,31826.38797,2026-06-24T18:00:00+00:00,1266733.410845,0
2026-06-24T18:00:00+00:00,39.46,40.16,39.38,39.79,13275.51303,2026-06-24T19:00:00+00:00,528348.7861911,0
2026-06-24T19:00:00+00:00,39.79,40.15,39.67,40.11,12467.39753,2026-06-24T20:00:00+00:00,497319.709208,0
2026-06-24T20:00:00+00:00,40.11,40.92,40.0,40.77,9777.50342,2026-06-24T21:00:00+00:00,396111.2559712,0
2026-06-24T21:00:00+00:00,40.77,40.97,40.66,40.97,4401.022,2026-06-24T22:00:00+00:00,179580.6424792,0
2026-06-24T22:00:00+00:00,40.97,41.23,40.95,40.97,3707.27757,2026-06-24T23:00:00+00:00,152364.0347771,0
2026-06-24T23:00:00+00:00,40.97,41.29,40.78,41.19,4833.2928,2026-06-25T00:00:00+00:00,198448.3955383,0
2026-06-25T00:00:00+00:00,41.19,41.28,41.06,41.13,3254.74302,2026-06-25T01:00:00+00:00,133991.3495381,0
2026-06-25T01:00:00+00:00,41.13,41.23,41.09,41.2,1791.06732,2026-06-25T02:00:00+00:00,73725.699207,0
2026-06-25T02:00:00+00:00,41.2,41.24,41.06,41.23,1797.40907,2026-06-25T03:00:00+00:00,73999.4824027,0
2026-06-25T03:00:00+00:00,41.23,41.33,41.14,41.29,1746.69586,2026-06-25T04:00:00+00:00,72019.2373508,0
2026-06-25T04:00:00+00:00,41.29,41.68,41.19,41.62,2820.71762,2026-06-25T05:00:00+00:00,116707.3839376,0
2026-06-25T05:00:00+00:00,41.62,41.99,41.6,41.9,4529.08552,2026-06-25T06:00:00+00:00,189535.7504757,0
2026-06-25T06:00:00+00:00,41.9,41.99,41.74,41.8,3239.54929,2026-06-25T07:00:00+00:00,135521.4451173,0
2026-06-25T07:00:00+00:00,41.8,41.81,41.55,41.76,6436.56136,2026-06-25T08:00:00+00:00,268284.8210408,0
2026-06-25T08:00:00+00:00,41.76,41.83,41.64,41.75,2639.54493,2026-06-25T09:00:00+00:00,110173.8016434,0
2026-06-25T09:00:00+00:00,41.75,41.91,41.71,41.86,2457.12026,2026-06-25T10:00:00+00:00,102756.1022261,0
2026-06-25T10:00:00+00:00,41.86,41.86,41.53,41.54,3665.35313,2026-06-25T11:00:00+00:00,152965.1053039,0
2026-06-25T11:00:00+00:00,41.54,41.59,41.31,41.37,3149.03616,2026-06-25T12:00:00+00:00,130375.8858983,0
2026-06-25T12:00:00+00:00,41.37,41.46,40.9,41.45,8519.37686,2026-06-25T13:00:00+00:00,351698.3575053,0
2026-06-25T13:00:00+00:00,41.45,41.64,39.28,39.44,23649.46117,2026-06-25T14:00:00+00:00,957884.5049518,0
